comedian	title	runtime	thumbnail
Tom Segura	Tom Segura: Disgraceful	71	https://m.media-amazon.com/images/M/MV5BMGUyNTBiZjktMjk5Ni00Yzk3LTlkZTUtY2FiOTJiOGRhZWY3XkEyXkFqcGdeQXVyMTk2ODU0OTM@._V1_.jpg
Tom Segura	Tom Segura: Mostly Stories	73	https://m.media-amazon.com/images/M/MV5BZWE2Nzc5N2YtOWM0OS00ZWVmLThhOTctNjNlNGI0NTQzMTU5XkEyXkFqcGdeQXVyMzAzODY0NzE@._V1_.jpg
Mitch Hedberg	Comedy Central: Mitch Hedberg	23	https://m.media-amazon.com/images/M/MV5BMTQ0NDAyNDg5OV5BMl5BanBnXkFtZTgwMDUxNjEyMjE@._V1_.jpg
Mitch Hedberg	Just for Laughs	30	https://m.media-amazon.com/images/M/MV5BMTc4NzI1NzY4N15BMl5BanBnXkFtZTcwMjUwNDY3Mg@@._V1_.jpg
Dave Chappelle	Dave Chappelle: Equanimity	60	https://m.media-amazon.com/images/M/MV5BODJkMTAxNmYtZDg4OS00NzA2LTlmZTUtMDc2MjIwMzE4ZDMxXkEyXkFqcGdeQXVyMTk3NDAwMzI@._V1_.jpg
Dave Chappelle	Dave Chappelle: The Bird Revelation	49	https://m.media-amazon.com/images/M/MV5BNGYzOTE0YzEtMjc5NC00MTg2LTk2MDAtMzJlMjM1NTU1MjcwXkEyXkFqcGdeQXVyMTk2ODU0OTM@._V1_.jpg
Chris D'Elia	Chris D'Elia: Man on Fire	65	https://m.media-amazon.com/images/M/MV5BMDE3Y2RkZjMtNGYwNC00NjI5LWJkNzUtNjZlYmYyMmFhMTJlXkEyXkFqcGdeQXVyMTk2ODU0OTM@._V1_.jpg
Chris D'Elia	Gotham Comedy Live	60	https://m.media-amazon.com/images/M/MV5BMzE5OWUzZGUtOTE1Yi00OGI0LWI2M2ItYTI0MDQ5ZjhmNDAzXkEyXkFqcGdeQXVyNDgwNjI4Nw@@._V1_SY1000_CR0,0,1734,1000_AL_.jpg
Hannibal Buress	Inside Jokes	50	https://m.media-amazon.com/images/M/MV5BNmQ2MTI1M2YtNGFlNS00NDdlLTlmMGEtOGQ2ZWVhNTViMDhhXkEyXkFqcGdeQXVyMjc0OTQ4MzU@._V1_SY1000_CR0,0,678,1000_AL_.jpg
Hannibal Buress	Hannibal Buress: Comedy Camisado	83	https://m.media-amazon.com/images/M/MV5BNDQ0ZDA3NTQtNzI3NC00Y2NiLWI0ZTctN2RjNDYxNWEyODY4XkEyXkFqcGdeQXVyNTQwMDk4NDM@._V1_SY1000_CR0,0,674,1000_AL_.jpg
Ali Wong	Ali Wong: Hard Knock Wife	64	https://m.media-amazon.com/images/M/MV5BMWVkZDNjZTMtMTY0Yi00OGQ0LTliMDEtMWMxYzljYzZlYTY3XkEyXkFqcGdeQXVyMTEzNjA2NzM@._V1_.jpg
Chelsea Peretti	Chelsea Peretti: One of the Greats	74	https://m.media-amazon.com/images/M/MV5BMjE2NTc3MzEzOV5BMl5BanBnXkFtZTgwNzY1NzA0NDE@._V1_.jpg
Chelsea Peretti	Tubbin' with Tash: Chelsea Peretti & Reggie Watts 	30	https://m.media-amazon.com/images/M/MV5BYTNlM2FkN2YtYzk2MC00YjdjLTg0ZWQtMjY0NWI1NjQxNjU5XkEyXkFqcGdeQXVyNTM3MDMyMDQ@._V1_.jpg
Bobby Lee	Kims of Comedy	90	https://m.media-amazon.com/images/M/MV5BZjk4MTA2YWUtMjU1NC00NDA4LTkzM2MtZWQ0YTFlMWY1YTgwXkEyXkFqcGdeQXVyNjIwODUwNTc@._V1_.jpg
Bobby Lee	Pauly Shore's Vegas Is My Oyster	84	https://m.media-amazon.com/images/M/MV5BNTc2M2Q3ODEtODEwNC00ZjBlLTk2ODktYzZlOTYxZDdiZGUyXkEyXkFqcGdeQXVyMjc4NzI0NzU@._V1_.jpg
Joey Diaz	Joey Diaz: Sociably Unacceptable	57	https://m.media-amazon.com/images/M/MV5BZTAxNTViYmUtYWU0OC00YTNhLTg3YTYtMTkwMjgzOTFkZGFmL2ltYWdlXkEyXkFqcGdeQXVyMzcwMjcwNQ@@._V1_SY1000_CR0,0,666,1000_AL_.jpg
Joey Diaz	XXXtreme Comedy Tour	45	https://m.media-amazon.com/images/M/MV5BMjBhODUwM2YtZmRiNS00YTk5LWFhN2ItNzE4YTE3Y2Y5Y2JhXkEyXkFqcGdeQXVyMTk5NTQ2MzI@._V1_.jpg
Bert Kreischer	Bert Kreischer: The Machine	70	https://m.media-amazon.com/images/M/MV5BN2U5ZTk3OWUtNzBmOC00MjkzLWFmZWQtNTQyNWEyYTFmOWRlXkEyXkFqcGdeQXVyMjI2OTg4ODA@._V1_SY1000_CR0,0,666,1000_AL_.jpg
Bert Kreischer	Bert Kreischer: Comfortably Dumb	75	https://m.media-amazon.com/images/M/MV5BMTgwNjI5NTczNl5BMl5BanBnXkFtZTgwOTYzMzA2MDE@._V1_.jpg
Brian Posehn	Brian Posehn: 25x2	63	https://m.media-amazon.com/images/M/MV5BMjgzZGEwODctZjAwNy00NTFiLWJmN2ItNDFhZDdkZjFjMWJlXkEyXkFqcGdeQXVyMzcwMjcwNQ@@._V1_SY1000_SX1000_AL_.jpg
Brian Posehn	Brian Posehn: Criminally Posehn	60	https://m.media-amazon.com/images/M/MV5BMTg4YzJlYmEtNmQ0NS00ZTk0LTg0MTgtMTFmMTEyMDE0NDAzXkEyXkFqcGdeQXVyNTU1NTQzMzk@._V1_.jpg
Gary Gulman	Gary Gulman: It's About Time	54	https://m.media-amazon.com/images/M/MV5BNjM0MDI4OWQtNWZlNS00ZDE2LWI2ZTAtMzNkZWM4YTUxNzIzXkEyXkFqcGdeQXVyMjIzMjYxNjM@._V1_.jpg
Gary Gulman	Gary Gulman: In This Economy?	60	https://m.media-amazon.com/images/M/MV5BNjM0MTUyODM4NV5BMl5BanBnXkFtZTgwNDUzNjU4NDE@._V1_.jpg
Bill Burr	Bill Burr: Walk Your Way Out	77	https://m.media-amazon.com/images/M/MV5BMGYwNDE4MDItNjQwYi00NWIwLWJmYTYtY2I5NDEyMGUxNWMwL2ltYWdlXkEyXkFqcGdeQXVyMjUwMTM3MTU@._V1_.jpg
Bill Burr	Bill Burr: Let It Go	65	https://m.media-amazon.com/images/M/MV5BMjA0ODUxODkwOV5BMl5BanBnXkFtZTgwNTMwNTA2MDE@._V1_.jpg
John Mulaney	John Mulaney: The Comeback Kid	62	https://m.media-amazon.com/images/M/MV5BMDQ3NjU0NmQtYjgyZS00MzIzLWJjNDEtMWY5YjczYjc0MTMyXkEyXkFqcGdeQXVyMjI0MjUyNTc@._V1_.jpg
John Mulaney	John Mulaney: New in Town	60	https://m.media-amazon.com/images/M/MV5BMjIzNzg5NTA2M15BMl5BanBnXkFtZTgwOTY4NjA2MDE@._V1_.jpg
Jim Jefferies	Jim Jefferies: This Is Me Now	70	https://m.media-amazon.com/images/M/MV5BMzAxZDNlMmEtYjk2Ny00YzRjLTkwOTQtMDNkYmExMDZhNGNhXkEyXkFqcGdeQXVyMTMxODk2OTU@._V1_.jpg
Jim Jefferies	Jim Jefferies: Freedumb	86	https://m.media-amazon.com/images/M/MV5BYmZkZDFlMzAtNjQ5MS00NDE4LWEwMjktYTRmOTc3Mjc2NjI0XkEyXkFqcGdeQXVyMjQ4MzkyMjE@._V1_SY1000_CR0,0,666,1000_AL_.jpg
Iliza Shlesinger	Iliza: Elder Millennial	72	https://m.media-amazon.com/images/M/MV5BNTE2ZmFmYTctOGQyNy00OGNkLTgxYWMtYTVlYzMyMzAyZGRiXkEyXkFqcGdeQXVyNzE3MDkxODc@._V1_.jpg
Iliza Shlesinger	Iliza Shlesinger: Confirmed Kills	77	https://m.media-amazon.com/images/M/MV5BZGEyYjkwMWItM2EyZS00N2Q1LWIzZmQtZDg5Y2ZmMzdlNTgyXkEyXkFqcGdeQXVyNjgzNzA2NjU@._V1_.jpg
